Settimana n.;Settimana;Regione;Totale Medici;Totale Casi;Totale Assistiti;Totale Incidenza;Categoria incidenza;Casi (0-4 anni);Inc (0-4 anni);Casi (5-14 anni);Inc (5-14 anni);Casi (15-64 anni);Inc (15-64 anni);Casi (65 anni e oltre);Inc (65 anni e oltre)
2020-42;18-24 ottobre 2021;Piemonte;;;;; <9,37;;;;;;;;
2020-42;18-24 ottobre 2021;Val D'Aosta;;;;;<3,16;;;;;;;;
2020-42;18-24 ottobre 2021;Lombardia;;;;;<3,16;;;;;;;;
2020-42;18-24 ottobre 2021;P.A. di Bolzano;;;;;;;;;;;;;
2020-42;18-24 ottobre 2021;P. A. di Trento;;;;;<3,16;;;;;;;;
2020-42;18-24 ottobre 2021;Veneto;;;;;<3,16;;;;;;;;
2020-42;18-24 ottobre 2021;Friuli V.G.;;;;;<3,16;;;;;;;;
2020-42;18-24 ottobre 2021;Liguria;;;;;<3,16;;;;;;;;
2020-42;18-24 ottobre 2021;Emilia Romagna;;;;;<3,16;;;;;;;;
2020-42;18-24 ottobre 2021;Toscana;;;;;<3,16;;;;;;;;
2020-42;18-24 ottobre 2021;Umbria;;;;;<3,16;;;;;;;;
2020-42;18-24 ottobre 2021;Marche;;;;;<3,16;;;;;;;;
2020-42;18-24 ottobre 2021;Lazio;;;;;<3,16;;;;;;;;
2020-42;18-24 ottobre 2021;Abruzzo;;;;;<3,16;;;;;;;;
2020-42;18-24 ottobre 2021;Molise;;;;;<3,16;;;;;;;;
2020-42;18-24 ottobre 2021;Campania;;;;;<3,16;;;;;;;;
2020-42;18-24 ottobre 2021;Puglia;;;;;<3,16;;;;;;;;
2020-42;18-24 ottobre 2021;Basilicata;;;;;<3,16;;;;;;;;
2020-42;18-24 ottobre 2021;Calabria;;;;;;;;;;;;;
2020-42;18-24 ottobre 2021;Sicilia;;;;;<3,16;;;;;;;;
2020-42;18-24 ottobre 2021;Sardegna;;;;;;;;;;;;;
2020-43;25-31 ottobre 2021;Piemonte;;;;; <9,37;;;;;;;;
2020-43;25-31 ottobre 2021;Val D'Aosta;;;;;<3,16;;;;;;;;
2020-43;25-31 ottobre 2021;Lombardia;;;;;<3,16;;;;;;;;
2020-43;25-31 ottobre 2021;P.A. di Bolzano;;;;;;;;;;;;;
2020-43;25-31 ottobre 2021;P. A. di Trento;;;;;<3,16;;;;;;;;
2020-43;25-31 ottobre 2021;Veneto;;;;;<3,16;;;;;;;;
2020-43;25-31 ottobre 2021;Friuli V.G.;;;;;<3,16;;;;;;;;
2020-43;25-31 ottobre 2021;Liguria;;;;;<3,16;;;;;;;;
2020-43;25-31 ottobre 2021;Emilia Romagna;;;;;<3,16;;;;;;;;
2020-43;25-31 ottobre 2021;Toscana;;;;;<3,16;;;;;;;;
2020-43;25-31 ottobre 2021;Umbria;;;;;<3,16;;;;;;;;
2020-43;25-31 ottobre 2021;Marche;;;;;<3,16;;;;;;;;
2020-43;25-31 ottobre 2021;Lazio;;;;;<3,16;;;;;;;;
2020-43;25-31 ottobre 2021;Abruzzo;;;;;<3,16;;;;;;;;
2020-43;25-31 ottobre 2021;Molise;;;;;<3,16;;;;;;;;
2020-43;25-31 ottobre 2021;Campania;;;;;<3,16;;;;;;;;
2020-43;25-31 ottobre 2021;Puglia;;;;;<3,16;;;;;;;;
2020-43;25-31 ottobre 2021;Basilicata;;;;;<3,16;;;;;;;;
2020-43;25-31 ottobre 2021;Calabria;;;;;;;;;;;;;
2020-43;25-31 ottobre 2021;Sicilia;;;;;<3,16;;;;;;;;
2020-43;25-31 ottobre 2021;Sardegna;;;;;;;;;;;;;
2020-44;1-7 novembre 2021;Piemonte;51;396;72.328;5,48; <9,37;115;28,45;76;8,45;169;4,04;36;2,06
2020-44;1-7 novembre 2021;Val D'Aosta;nd;nd;nd;nd;<3,16;nd;nd;nd;nd;nd;nd;nd;nd
2020-44;1-7 novembre 2021;Lombardia;175;1.287;236.448;5,44;<3,16;396;22,56;181;4,6;595;4,63;115;2,26
2020-44;1-7 novembre 2021;P.A. di Bolzano;nd;nd;nd;nd;;nd;nd;nd;nd;nd;nd;nd;nd
2020-44;1-7 novembre 2021;P. A. di Trento;nd;nd;nd;nd;<3,16;nd;nd;nd;nd;nd;nd;nd;nd
2020-44;1-7 novembre 2021;Veneto;18;22;24.813;0,89;<3,16;5;3,52;-;-;15;1,1;2;0,33
2020-44;1-7 novembre 2021;Friuli V.G.;nd;nd;nd;nd;<3,16;nd;nd;nd;nd;nd;nd;nd;nd
2020-44;1-7 novembre 2021;Liguria;10;8;12.624;0,63;<3,16;-;-;-;-;7;0,91;1;0,26
2020-44;1-7 novembre 2021;Emilia Romagna;44;208;53.748;3,87;<3,16;68;25,14;22;3,34;105;3,32;13;1,01
2020-44;1-7 novembre 2021;Toscana;27;110;44.188;2,49;<3,16;29;14,02;19;3,44;52;2,24;10;0,75
2020-44;1-7 novembre 2021;Umbria;nd;nd;nd;nd;<3,16;nd;nd;nd;nd;nd;nd;nd;nd
2020-44;1-7 novembre 2021;Marche;7;26;8.487;3,06;<3,16;-;-;2;2,34;23;4,27;1;0,5
2020-44;1-7 novembre 2021;Lazio;184;757;241.530;3,13;<3,16;114;12,08;79;3,2;464;3,08;100;1,76
2020-44;1-7 novembre 2021;Abruzzo;35;112;38.525;2,91;<3,16;23;6,56;25;3,3;53;2,66;11;1,47
2020-44;1-7 novembre 2021;Molise;10;8;7.461;1,07;<3,16;-;-;1;2,02;5;1,08;2;0,95
2020-44;1-7 novembre 2021;Campania;nd;nd;nd;nd;<3,16;nd;nd;nd;nd;nd;nd;nd;nd
2020-44;1-7 novembre 2021;Puglia;88;260;110.177;2,36;<3,16;63;10,09;52;3,86;109;1,69;36;1,39
2020-44;1-7 novembre 2021;Basilicata;nd;nd;nd;nd;<3,16;nd;nd;nd;nd;nd;nd;nd;nd
2020-44;1-7 novembre 2021;Calabria;nd;nd;nd;nd;;nd;nd;nd;nd;nd;nd;nd;nd
2020-44;1-7 novembre 2021;Sicilia;108;263;129.877;2,02;<3,16;42;8,8;32;2,37;140;1,75;49;1,56
2020-44;1-7 novembre 2021;Sardegna;nd;nd;nd;nd;;nd;nd;nd;nd;nd;nd;nd;nd
2020-45;8-14 novembre 2021;Piemonte;47;405;64.404;6,29; <9,37;123;29,03;76;8,13;176;4,91;30;2
2020-45;8-14 novembre 2021;Val D'Aosta;nd;nd;nd;nd;<3,16;nd;nd;nd;nd;nd;nd;nd;nd
2020-45;8-14 novembre 2021;Lombardia;211;1.679;280.281;5,99;<3,16;461;25,1;200;4,78;855;5,44;163;2,59
2020-45;8-14 novembre 2021;P.A. di Bolzano;4;12;6.118;1,96;;4;11,87;-;-;8;2,18;-;-
2020-45;8-14 novembre 2021;P. A. di Trento;4;13;5.762;2,26;<3,16;4;10,93;1;1,09;8;2,56;-;-
2020-45;8-14 novembre 2021;Veneto;29;40;40.753;0,98;<3,16;7;2,58;-;-;28;1,25;5;0,52
2020-45;8-14 novembre 2021;Friuli V.G.;nd;nd;nd;nd;<3,16;nd;nd;nd;nd;nd;nd;nd;nd
2020-45;8-14 novembre 2021;Liguria;14;48;17.848;2,69;<3,16;5;7,52;13;8,25;28;2,7;2;0,38
2020-45;8-14 novembre 2021;Emilia Romagna;47;287;56.241;5,1;<3,16;81;27,5;38;5,32;145;4,43;23;1,72
2020-45;8-14 novembre 2021;Toscana;34;164;55.231;2,97;<3,16;44;16,34;26;3,63;77;2,66;17;1,03
2020-45;8-14 novembre 2021;Umbria;nd;nd;nd;nd;<3,16;nd;nd;nd;nd;nd;nd;nd;nd
2020-45;8-14 novembre 2021;Marche;14;58;16.231;3,57;<3,16;12;8,69;18;5,51;16;1,94;12;3,58
2020-45;8-14 novembre 2021;Lazio;185;862;243.487;3,54;<3,16;149;15,74;102;4,12;491;3,24;120;2,08
2020-45;8-14 novembre 2021;Abruzzo;35;175;41.735;4,19;<3,16;45;15,37;42;6,43;68;2,86;20;2,36
2020-45;8-14 novembre 2021;Molise;11;16;9.295;1,72;<3,16;-;-;1;1,83;8;1,32;7;2,89
2020-45;8-14 novembre 2021;Campania;nd;nd;nd;nd;<3,16;nd;nd;nd;nd;nd;nd;nd;nd
2020-45;8-14 novembre 2021;Puglia;104;425;133.169;3,19;<3,16;60;8,76;51;3,37;254;3,19;60;1,9
2020-45;8-14 novembre 2021;Basilicata;nd;nd;nd;nd;<3,16;nd;nd;nd;nd;nd;nd;nd;nd
2020-45;8-14 novembre 2021;Calabria;nd;nd;nd;nd;;nd;nd;nd;nd;nd;nd;nd;nd
2020-45;8-14 novembre 2021;Sicilia;91;369;111.025;3,32;<3,16;71;18,15;60;5,87;161;2,33;77;2,77
2020-45;8-14 novembre 2021;Sardegna;nd;nd;nd;nd;;nd;nd;nd;nd;nd;nd;nd;nd
2020-46;15-21 novembre 2021;Piemonte;46;375;64.330;5,83; <9,37;111;29,6;65;8,24;163;4,43;36;2,26
2020-46;15-21 novembre 2021;Val D'Aosta;nd;nd;nd;nd;<3,16;nd;nd;nd;nd;nd;nd;nd;nd
2020-46;15-21 novembre 2021;Lombardia;204;1.866;272.074;6,86;<3,16;456;25,8;249;6,2;999;6,54;162;2,63
2020-46;15-21 novembre 2021;P.A. di Bolzano;6;14;8.842;1,58;;4;5,93;3;1,83;7;1,45;-;-
2020-46;15-21 novembre 2021;P. A. di Trento;6;27;8.945;3,02;<3,16;17;46,45;3;3,12;7;1,31;-;-
2020-46;15-21 novembre 2021;Veneto;37;162;52.938;3,06;<3,16;53;13,16;37;3,89;58;2,07;14;1,23
2020-46;15-21 novembre 2021;Friuli V.G.;nd;nd;nd;nd;<3,16;nd;nd;nd;nd;nd;nd;nd;nd
2020-46;15-21 novembre 2021;Liguria;15;99;18.597;5,32;<3,16;22;26,38;22;10,17;45;4,37;10;1,88
2020-46;15-21 novembre 2021;Emilia Romagna;43;328;52.495;6,25;<3,16;97;37,25;35;5,12;164;5,36;32;2,57
2020-46;15-21 novembre 2021;Toscana;35;172;58.821;2,92;<3,16;41;17,16;24;3,83;89;2,77;18;1
2020-46;15-21 novembre 2021;Umbria;8;20;8.684;2,3;<3,16;6;9,24;6;3,53;5;1,02;3;2,1
2020-46;15-21 novembre 2021;Marche;9;71;10.944;6,49;<3,16;32;25,12;13;5,11;25;4,87;1;0,5
2020-46;15-21 novembre 2021;Lazio;183;969;240.528;4,03;<3,16;195;20,09;138;5,48;536;3,6;100;1,76
2020-46;15-21 novembre 2021;Abruzzo;33;206;37.740;5,46;<3,16;74;20,98;53;6,88;57;2,97;22;3
2020-46;15-21 novembre 2021;Molise;11;9;11.467;0,78;<3,16;-;-;-;-;9;1,19;-;-
2020-46;15-21 novembre 2021;Campania;nd;nd;nd;nd;<3,16;nd;nd;nd;nd;nd;nd;nd;nd
2020-46;15-21 novembre 2021;Puglia;79;378;101.814;3,71;<3,16;86;17,53;49;4,23;190;3,09;53;2,22
2020-46;15-21 novembre 2021;Basilicata;nd;nd;nd;nd;<3,16;nd;nd;nd;nd;nd;nd;nd;nd
2020-46;15-21 novembre 2021;Calabria;nd;nd;nd;nd;;nd;nd;nd;nd;nd;nd;nd;nd
2020-46;15-21 novembre 2021;Sicilia;121;508;144.931;3,51;<3,16;77;14,69;87;5,99;197;2,19;147;4,16
2020-46;15-21 novembre 2021;Sardegna;nd;nd;nd;nd;;nd;nd;nd;nd;nd;nd;nd;nd
2020-47;22-28 novembre 2021;Piemonte;53;495;75.136;6,59; <9,37;146;32,65;87;9;227;5,35;35;1,89
2020-47;22-28 novembre 2021;Val D'Aosta;nd;nd;nd;nd;<3,16;nd;nd;nd;nd;nd;nd;nd;nd
2020-47;22-28 novembre 2021;Lombardia;168;1.462;225.577;6,48;<3,16;390;24,92;216;5,96;727;5,86;129;2,59
2020-47;22-28 novembre 2021;P.A. di Bolzano;5;18;7.659;2,35;;5;14,84;4;4,68;8;1,68;1;0,58
2020-47;22-28 novembre 2021;P. A. di Trento;5;16;7.321;2,19;<3,16;2;6,04;4;4,45;9;2,09;1;0,56
2020-47;22-28 novembre 2021;Veneto;47;162;67.957;2,38;<3,16;37;9,24;13;1,36;100;2,53;12;0,81
2020-47;22-28 novembre 2021;Friuli V.G.;8;30;10.524;2,85;<3,16;14;15,42;3;1,19;11;2,3;2;0,87
2020-47;22-28 novembre 2021;Liguria;18;89;22.962;3,88;<3,16;26;31,18;17;7,6;36;2,74;10;1,48
2020-47;22-28 novembre 2021;Emilia Romagna;46;339;56.857;5,96;<3,16;84;31,15;46;6,76;177;5,27;32;2,32
2020-47;22-28 novembre 2021;Toscana;28;161;45.872;3,51;<3,16;57;21,17;32;4,57;58;2,53;14;1,06
2020-47;22-28 novembre 2021;Umbria;12;65;12.132;5,36;<3,16;27;17,85;23;6,74;12;2,34;3;1,45
2020-47;22-28 novembre 2021;Marche;13;83;15.823;5,25;<3,16;26;25,79;21;6,99;36;4,27;-;-
2020-47;22-28 novembre 2021;Lazio;183;1.018;242.501;4,2;<3,16;177;18,24;123;4,86;583;3,87;135;2,38
2020-47;22-28 novembre 2021;Abruzzo;32;186;36.818;5,05;<3,16;59;26,66;42;8,03;64;3,04;21;2,52
2020-47;22-28 novembre 2021;Molise;11;22;11.467;1,92;<3,16;-;-;3;5,15;16;2,11;3;0,99
2020-47;22-28 novembre 2021;Campania;nd;nd;nd;nd;<3,16;nd;nd;nd;nd;nd;nd;nd;nd
2020-47;22-28 novembre 2021;Puglia;61;312;75.408;4,14;<3,16;82;16,63;65;6,14;143;3,33;22;1,3
2020-47;22-28 novembre 2021;Basilicata;10;-;13.260;-;<3,16;-;-;-;-;-;-;-;-
2020-47;22-28 novembre 2021;Calabria;nd;nd;nd;nd;;nd;nd;nd;nd;nd;nd;nd;nd
2020-47;22-28 novembre 2021;Sicilia;108;669;134.057;4,99;<3,16;104;21,57;102;7,79;312;3,72;151;4,69
2020-47;22-28 novembre 2021;Sardegna;nd;nd;nd;nd;;nd;nd;nd;nd;nd;nd;nd;nd
2020-48;29 novembre-5 dicembre 2021;Piemonte;40;347;58.253;5,96; <9,37;89;24,15;66;8,41;153;4,69;39;2,77
2020-48;29 novembre-5 dicembre 2021;Val D'Aosta;nd;nd;nd;nd; <9,37;nd;nd;nd;nd;nd;nd;nd;nd
2020-48;29 novembre-5 dicembre 2021;Lombardia;132;1.128;182.139;6,19;<3,16;216;21,17;126;5,31;674;6,34;112;2,67
2020-48;29 novembre-5 dicembre 2021;P.A. di Bolzano;5;24;7.659;3,13;;5;14,84;5;5,85;13;2,73;1;0,58
2020-48;29 novembre-5 dicembre 2021;P. A. di Trento;4;20;5.805;3,45;<3,16;3;9,06;4;4,58;11;3,28;2;1,6
2020-48;29 novembre-5 dicembre 2021;Veneto;34;102;46.131;2,21;<3,16;20;5,65;16;1,82;54;2,24;12;1,24
2020-48;29 novembre-5 dicembre 2021;Friuli V.G.;6;78;7.715;10,11;<3,16;9;9,91;1;0,41;56;19,01;12;8,53
2020-48;29 novembre-5 dicembre 2021;Liguria;15;87;18.820;4,62;<3,16;26;23,11;15;5,05;40;4,07;6;1,23
2020-48;29 novembre-5 dicembre 2021;Emilia Romagna;38;354;46.948;7,54;<3,16;101;33,29;61;8,94;173;6,58;19;1,76
2020-48;29 novembre-5 dicembre 2021;Toscana;25;121;42.625;2,84;<3,16;39;18,85;29;5,34;41;1,86;12;0,92
2020-48;29 novembre-5 dicembre 2021;Umbria;11;37;11.428;3,24;<3,16;16;15,61;14;5,58;6;1;1;0,53
2020-48;29 novembre-5 dicembre 2021;Marche;9;51;12.259;4,16;<3,16;4;7,63;4;2,75;36;5,02;7;2,25
2020-48;29 novembre-5 dicembre 2021;Lazio;174;958;230.186;4,16;<3,16;122;15,11;115;5,4;590;4,06;131;2,36
2020-48;29 novembre-5 dicembre 2021;Abruzzo;35;231;41.638;5,55;<3,16;44;23,35;30;5,63;122;4,85;35;3,77
2020-48;29 novembre-5 dicembre 2021;Molise;10;18;10.363;1,74;<3,16;-;-;1;1,78;14;2,05;3;1,11
2020-48;29 novembre-5 dicembre 2021;Campania;nd;nd;nd;nd;<3,16;nd;nd;nd;nd;nd;nd;nd;nd
2020-48;29 novembre-5 dicembre 2021;Puglia;50;297;62.947;4,72;<3,16;48;13,81;53;6,42;157;4,33;39;2,61
2020-48;29 novembre-5 dicembre 2021;Basilicata;10;5;12.597;0,4;<3,16;1;0,57;4;1,71;-;-;-;-
2020-48;29 novembre-5 dicembre 2021;Calabria;nd;nd;nd;nd;;nd;nd;nd;nd;nd;nd;nd;nd
2020-48;29 novembre-5 dicembre 2021;Sicilia;100;521;120.432;4,33;<3,16;85;19,21;95;7,82;218;2,93;123;4,17
2020-48;29 novembre-5 dicembre 2021;Sardegna;nd;nd;nd;nd;;nd;nd;nd;nd;nd;nd;nd;nd
2020-49;6-12 dicembre 2021;Piemonte;45;353;63.691;5,54;<3,16;58;15,47;46;5,81;204;5,69;45;2,78
2020-49;6-12 dicembre 2021;Val D'Aosta;nd;nd;nd;nd;<3,16;nd;nd;nd;nd;nd;nd;nd;nd
2020-49;6-12 dicembre 2021;Lombardia;138;937;191.103;4,9;<3,16;139;12,97;93;3,54;591;5,32;114;2,65
2020-49;6-12 dicembre 2021;P.A. di Bolzano;6;13;8.842;1,47;;6;8,9;3;1,83;3;0,62;1;0,58
2020-49;6-12 dicembre 2021;P. A. di Trento;3;7;4.234;1,65;<3,16;2;6,04;2;2,31;3;1,43;-;-
2020-49;6-12 dicembre 2021;Veneto;34;93;48.068;1,93;<3,16;7;3,04;10;1,63;65;2,33;11;0,94
2020-49;6-12 dicembre 2021;Friuli V.G.;7;81;9.215;8,79;<3,16;5;5,51;4;1,61;44;11,04;28;15,26
2020-49;6-12 dicembre 2021;Liguria;16;78;20.877;3,74;<3,16;20;23,98;9;4,05;40;3,41;9;1,48
2020-49;6-12 dicembre 2021;Emilia Romagna;37;286;46.089;6,21;<3,16;74;28,87;67;11,74;128;4,86;17;1,48
2020-49;6-12 dicembre 2021;Toscana;25;147;43.373;3,39;<3,16;40;19,02;31;5,65;61;2,72;15;1,12
2020-49;6-12 dicembre 2021;Umbria;10;50;11.258;4,44;<3,16;18;17,56;16;6,84;14;2,3;2;1,1
2020-49;6-12 dicembre 2021;Marche;16;58;18.421;3,15;<3,16;6;4,84;17;4,49;32;3,35;3;0,78
2020-49;6-12 dicembre 2021;Lazio;180;925;236.275;3,91;<3,16;168;18,35;115;4,8;537;3,65;105;1,88
2020-49;6-12 dicembre 2021;Abruzzo;35;194;44.597;4,35;<3,16;44;21,99;34;6,64;90;3,31;26;2,53
2020-49;6-12 dicembre 2021;Molise;-;-;-;-;<3,16;-;-;-;-;-;-;-;-
2020-49;6-12 dicembre 2021;Campania;31;75;38.569;1,94;<3,16;28;5,5;18;1,89;22;1,21;7;1,21
2020-49;6-12 dicembre 2021;Puglia;80;397;104.302;3,81;<3,16;96;18,79;70;5,97;185;2,94;46;1,88
2020-49;6-12 dicembre 2021;Basilicata;12;20;15.639;1,28;<3,16;8;3,54;12;3,51;-;-;-;-
2020-49;6-12 dicembre 2021;Calabria;nd;nd;nd;nd;;nd;nd;nd;nd;nd;nd;nd;nd
2020-49;6-12 dicembre 2021;Sicilia;102;530;123.893;4,28;<3,16;62;14,96;75;6,16;263;3,4;130;4,29
2020-49;6-12 dicembre 2021;Sardegna;11;49;13.662;3,59;;24;20,05;15;6,75;10;1,32;-;-
2020-50;13-19 dicembre 2021;Piemonte;47;419;66.405;6,31;<3,16;64;25,4;48;8,66;240;5,96;67;3,71
2020-50;13-19 dicembre 2021;Val D'Aosta;nd;nd;nd;nd;<3,16;nd;nd;nd;nd;nd;nd;nd;nd
2020-50;13-19 dicembre 2021;Lombardia;148;1.131;203.046;5,57;<3,16;157;11,87;138;4,5;719;6,34;117;2,56
2020-50;13-19 dicembre 2021;P.A. di Bolzano;5;18;7.659;2,35;;7;20,77;4;4,68;6;1,26;1;0,58
2020-50;13-19 dicembre 2021;P. A. di Trento;6;13;8.501;1,53;<3,16;4;5,45;1;0,62;8;1,89;-;-
2020-50;13-19 dicembre 2021;Veneto;44;93;60.560;1,54;<3,16;11;2,66;6;0,59;61;1,85;15;1,14
2020-50;13-19 dicembre 2021;Friuli V.G.;7;17;8.982;1,89;<3,16;5;5,51;-;-;10;2,67;2;1,09
2020-50;13-19 dicembre 2021;Liguria;15;75;18.797;3,99;<3,16;23;27,58;11;5;32;3,12;9;1,63
2020-50;13-19 dicembre 2021;Emilia Romagna;37;243;42.121;5,77;<3,16;62;20,81;39;5,83;125;5,47;17;1,77
2020-50;13-19 dicembre 2021;Toscana;27;178;44.129;4,03;<3,16;43;18;57;9,24;65;2,87;13;1,01
2020-50;13-19 dicembre 2021;Umbria;9;46;9.784;4,7;<3,16;17;22,73;10;5,95;17;3,23;2;0,96
2020-50;13-19 dicembre 2021;Marche;13;76;16.431;4,63;<3,16;12;9,69;3;0,83;54;6,62;7;2,06
2020-50;13-19 dicembre 2021;Lazio;190;1.038;249.861;4,15;<3,16;177;18,37;145;5,71;594;3,81;122;2,07
2020-50;13-19 dicembre 2021;Abruzzo;26;164;32.387;5,06;<3,16;25;16,39;22;5,87;89;4,55;28;3,7
2020-50;13-19 dicembre 2021;Molise;11;12;12.164;0,99;<3,16;-;-;3;5,08;7;0,86;2;0,63
2020-50;13-19 dicembre 2021;Campania;7;29;6.954;4,17;<3,16;14;10,33;10;3,64;4;1,86;1;1,41
2020-50;13-19 dicembre 2021;Puglia;56;269;73.073;3,68;<3,16;60;22,93;58;8,73;124;2,72;27;1,49
2020-50;13-19 dicembre 2021;Basilicata;11;10;14.147;0,71;<3,16;7;3,93;1;0,41;1;0,14;1;0,36
2020-50;13-19 dicembre 2021;Calabria;nd;nd;nd;nd;;nd;nd;nd;nd;nd;nd;nd;nd
2020-50;13-19 dicembre 2021;Sicilia;103;608;122.984;4,94;<3,16;86;23,14;105;9,5;297;3,83;120;3,91
2020-50;13-19 dicembre 2021;Sardegna;10;36;12.096;2,98;;15;12,53;18;8,04;3;0,5;-;-
2020-51;20-26 dicembre 2021;Piemonte;47;460;67.104;6,86;<3,16;74;17,97;59;6,75;280;7,52;47;2,76
2020-51;20-26 dicembre 2021;Val D'Aosta;nd;nd;nd;nd;<3,16;nd;nd;nd;nd;nd;nd;nd;nd
2020-51;20-26 dicembre 2021;Lombardia;2;1.442;197.529;7,3;<3,16;202;15,2;198;6,41;871;7,96;171;3,9
2020-51;20-26 dicembre 2021;P.A. di Bolzano;145;14;7.127;1,96;;8;11,87;5;3,05;1;0,27;-;-
2020-51;20-26 dicembre 2021;P. A. di Trento;5;10;5.750;1,74;<3,16;3;9,06;2;2,24;5;1,53;-;-
2020-51;20-26 dicembre 2021;Veneto;4;106;62.196;1,7;<3,16;13;3,92;9;1,15;74;2,01;10;0,7
2020-51;20-26 dicembre 2021;Friuli V.G.;43;19;6.303;3,01;<3,16;6;8,22;1;0,66;8;2,99;4;2,89
2020-51;20-26 dicembre 2021;Liguria;5;90;21.768;4,13;<3,16;20;17,78;6;1,98;51;4,41;13;2,15
2020-51;20-26 dicembre 2021;Emilia Romagna;17;313;36.104;8,67;<3,16;45;31,82;53;16,62;193;8,79;22;2,3
2020-51;20-26 dicembre 2021;Toscana;30;261;45.929;5,68;<3,16;37;13,74;52;7,39;132;5,76;40;3,01
2020-51;20-26 dicembre 2021;Umbria;28;43;6.042;7,12;<3,16;9;13,87;9;5,58;20;7,58;5;4,39
2020-51;20-26 dicembre 2021;Marche;6;91;18.040;5,04;<3,16;22;15,65;12;3,34;50;5,41;7;1,84
2020-51;20-26 dicembre 2021;Lazio;14;993;256.690;3,87;<3,16;131;13,18;116;4,43;622;3,89;124;2,05
2020-51;20-26 dicembre 2021;Abruzzo;195;242;40.124;6,03;<3,16;38;16,87;42;7,63;131;5,56;31;3,52
2020-51;20-26 dicembre 2021;Molise;34;6;10.961;0,55;<3,16;-;-;1;1,72;5;0,69;-;-
2020-51;20-26 dicembre 2021;Campania;10;58;29.927;1,94;<3,16;19;5,27;18;2,64;20;1,37;1;0,2
2020-51;20-26 dicembre 2021;Puglia;24;303;93.009;3,26;<3,16;57;11,86;62;5,77;156;2,84;28;1,24
2020-51;20-26 dicembre 2021;Basilicata;73;23;15.639;1,47;<3,16;9;3,98;13;3,8;1;0,14;-;-
2020-51;20-26 dicembre 2021;Calabria;nd;nd;nd;nd;;nd;nd;nd;nd;nd;nd;nd;nd
2020-51;20-26 dicembre 2021;Sicilia;102;624;122.605;5,09;<3,16;70;12,99;108;7,81;337;4,53;109;3,75
2020-51;20-26 dicembre 2021;Sardegna;5;27;6.447;4,19;;14;15,82;8;3,42;5;2,01;-;-
2020-52;27 dicembre 2021-2 gennaio 2022;Piemonte;37;463;52.774;8,77;<3,16;59;30,27;71;15,5;285;8,99;48;3,3
2020-52;27 dicembre 2021-2 gennaio 2022;Val D'Aosta;nd;nd;nd;nd;<3,16;nd;nd;nd;nd;nd;nd;nd;nd
2020-52;27 dicembre 2021-2 gennaio 2022;Lombardia;120;1.615;158.402;10,2;<3,16;136;12,34;185;7,41;1.097;12,53;197;5,65
2020-52;27 dicembre 2021-2 gennaio 2022;P.A. di Bolzano;3;6;4.403;1,36;;2;5,93;-;-;4;1,54;-;-
2020-52;27 dicembre 2021-2 gennaio 2022;P. A. di Trento;3;16;4.289;3,73;<3,16;2;6,04;3;3,55;11;5,01;-;-
2020-52;27 dicembre 2021-2 gennaio 2022;Veneto;35;111;50.772;2,19;<3,16;12;4,09;12;1,69;76;2,52;11;1,04
2020-52;27 dicembre 2021-2 gennaio 2022;Friuli V.G.;6;31;7.964;3,89;<3,16;2;3,79;-;-;25;6,76;4;2,13
2020-52;27 dicembre 2021-2 gennaio 2022;Liguria;16;62;20.438;3,03;<3,16;6;7,19;5;2,26;37;3,22;14;2,37
2020-52;27 dicembre 2021-2 gennaio 2022;Emilia Romagna;29;233;39.183;5,95;<3,16;28;17,77;18;4,84;169;7,03;18;1,83
2020-52;27 dicembre 2021-2 gennaio 2022;Toscana;24;248;39.671;6,25;<3,16;37;15,49;34;5,53;146;7,51;31;2,65
2020-52;27 dicembre 2021-2 gennaio 2022;Umbria;6;59;5.765;10,23;<3,16;14;13,66;18;8,05;20;10,48;7;11,76
2020-52;27 dicembre 2021-2 gennaio 2022;Marche;10;70;12.323;5,68;<3,16;11;8,49;7;2,09;48;8,81;4;1,8
2020-52;27 dicembre 2021-2 gennaio 2022;Lazio;191;957;251.772;3,8;<3,16;94;9,96;114;4,59;615;3,9;134;2,24
2020-52;27 dicembre 2021-2 gennaio 2022;Abruzzo;35;247;41.660;5,93;<3,16;35;18,24;44;8,82;145;5,73;23;2,43
2020-52;27 dicembre 2021-2 gennaio 2022;Molise;9;2;9.510;0,21;<3,16;-;-;-;-;2;0,31;-;-
2020-52;27 dicembre 2021-2 gennaio 2022;Campania;4;27;4.278;6,31;<3,16;15;18,32;10;5,4;2;1,62;-;-
2020-52;27 dicembre 2021-2 gennaio 2022;Puglia;67;474;82.816;5,72;<3,16;68;12,56;96;8,21;263;5,59;47;2,52
2020-52;27 dicembre 2021-2 gennaio 2022;Basilicata;12;25;15.639;1,6;<3,16;8;3,54;14;4,09;3;0,42;-;-
2020-52;27 dicembre 2021-2 gennaio 2022;Calabria;nd;nd;nd;nd;;nd;nd;nd;nd;nd;nd;nd;nd
2020-52;27 dicembre 2021-2 gennaio 2022;Sicilia;86;513;105.152;4,88;<3,16;45;14,95;70;7,29;310;4,65;88;3,39
2020-52;27 dicembre 2021-2 gennaio 2022;Sardegna;-;-;-;-;;-;-;-;-;-;-;-;-
2021-01;3-9 gennaio 2022;Piemonte;39;507;55.322;9,16;<3,16;29;7,1;67;7,79;329;11,23;82;6,15
2021-01;3-9 gennaio 2022;Val D'Aosta;nd;nd;nd;nd;<3,16;nd;nd;nd;nd;nd;nd;nd;nd
2021-01;3-9 gennaio 2022;Lombardia;157;1.701;207.598;8,19;<3,16;148;8,45;203;5,28;1.176;10,84;174;4,03
2021-01;3-9 gennaio 2022;P.A. di Bolzano;3;8;4.403;1,82;;3;8,9;2;2,51;3;1,16;-;-
2021-01;3-9 gennaio 2022;P. A. di Trento;4;9;5.838;1,54;<3,16;1;3,02;-;-;8;2,46;-;-
2021-01;3-9 gennaio 2022;Veneto;41;74;57.934;1,28;<3,16;6;1,61;4;0,46;62;1,96;2;0,14
2021-01;3-9 gennaio 2022;Friuli V.G.;5;16;5.921;2,7;<3,16;-;-;-;-;15;9,33;1;1,03
2021-01;3-9 gennaio 2022;Liguria;25;133;32.055;4,15;<3,16;7;5,88;19;6,47;92;4,97;15;1,59
2021-01;3-9 gennaio 2022;Emilia Romagna;28;277;32.025;8,65;<3,16;27;12,17;28;5,51;207;11,89;15;2,05
2021-01;3-9 gennaio 2022;Toscana;33;314;55.243;5,68;<3,16;22;8,17;30;4,19;211;7,23;51;3,14
2021-01;3-9 gennaio 2022;Umbria;7;36;7.263;4,96;<3,16;4;6,16;6;3,69;20;5,47;6;4,5
2021-01;3-9 gennaio 2022;Marche;13;85;16.750;5,07;<3,16;15;11,58;4;1,13;64;7,52;2;0,59
2021-01;3-9 gennaio 2022;Lazio;194;903;255.951;3,53;<3,16;89;8,95;118;4,51;564;3,54;132;2,18
2021-01;3-9 gennaio 2022;Abruzzo;30;181;35.381;5,12;<3,16;26;11,71;41;8,03;94;4,64;20;2,57
2021-01;3-9 gennaio 2022;Molise;7;5;7.186;0,7;<3,16;-;-;-;-;4;0,87;1;0,54
2021-01;3-9 gennaio 2022;Campania;6;72;6.732;10,7;<3,16;12;17,29;13;6,82;34;10,71;13;13,58
2021-01;3-9 gennaio 2022;Puglia;68;343;87.001;3,94;<3,16;56;12,09;71;7,08;176;3,39;40;1,95
2021-01;3-9 gennaio 2022;Basilicata;11;28;14.752;1,9;<3,16;8;5,01;14;4,38;6;0,83;-;-
2021-01;3-9 gennaio 2022;Calabria;nd;nd;nd;nd;;nd;nd;nd;nd;nd;nd;nd;nd
2021-01;3-9 gennaio 2022;Sicilia;101;545;118.581;4,6;<3,16;69;12,81;109;8,11;275;3,84;92;3,27
2021-01;3-9 gennaio 2022;Sardegna;9;11;10.566;1,04;;3;1,97;1;0,31;-;-;7;4,39
2021-02;10-16 gennaio 2022;Piemonte;36;567;52.097;10,88;<3,16;25;12,5;56;11,84;404;12,93;82;5,81
2021-02;10-16 gennaio 2022;Val D'Aosta;nd;nd;nd;nd;<3,16;nd;nd;nd;nd;nd;nd;nd;nd
2021-02;10-16 gennaio 2022;Lombardia;149;1.619;199.048;8,13;<3,16;143;9,89;212;6,44;1.073;9,91;191;4,4
2021-02;10-16 gennaio 2022;P.A. di Bolzano;4;18;5.586;3,22;<3,16;4;5,93;-;-;14;5,28;-;-
2021-02;10-16 gennaio 2022;P. A. di Trento;3;12;4.289;2,8;<3,16;2;6,04;1;1,18;8;3,65;1;1,09
2021-02;10-16 gennaio 2022;Veneto;42;102;59.397;1,72;<3,16;3;0,77;4;0,47;82;2,53;13;0,89
2021-02;10-16 gennaio 2022;Friuli V.G.;4;3;5.167;0,58;<3,16;-;-;1;0,36;2;1,87;-;-
2021-02;10-16 gennaio 2022;Liguria;16;57;20.709;2,75;<3,16;4;5,43;3;1,32;42;3,54;8;1,37
2021-02;10-16 gennaio 2022;Emilia Romagna;26;205;32.462;6,32;<3,16;17;15,61;14;5,1;157;7,85;17;1,97
2021-02;10-16 gennaio 2022;Toscana;26;162;42.628;3,8;<3,16;24;10,05;28;4,52;90;4,24;20;1,56
2021-02;10-16 gennaio 2022;Umbria;7;46;5.930;7,76;<3,16;11;10,73;15;6,31;16;8,01;4;7,56
2021-02;10-16 gennaio 2022;Marche;13;55;16.097;3,42;<3,16;8;5,24;4;0,97;42;5,66;1;0,33
2021-02;10-16 gennaio 2022;Lazio;188;789;247.720;3,19;<3,16;71;7,29;120;4,74;496;3,22;102;1,74
2021-02;10-16 gennaio 2022;Abruzzo;29;187;34.623;5,4;<3,16;35;15,63;37;7,01;94;4,78;21;2,82
2021-02;10-16 gennaio 2022;Molise;4;-;3.053;-;<3,16;-;-;-;-;-;-;-;-
2021-02;10-16 gennaio 2022;Campania;18;5;21.725;0,23;<3,16;-;-;-;-;5;0,5;-;-
2021-02;10-16 gennaio 2022;Puglia;57;237;74.437;3,18;<3,16;39;11,3;36;4,68;129;2,84;33;1,85
2021-02;10-16 gennaio 2022;Basilicata;12;11;15.639;0,7;<3,16;4;1,77;3;0,88;4;0,56;-;-
2021-02;10-16 gennaio 2022;Calabria;nd;nd;nd;nd;;nd;nd;nd;nd;nd;nd;nd;nd
2021-02;10-16 gennaio 2022;Sicilia;97;471;117.883;4;<3,16;44;9,37;52;4,42;302;4,18;73;2,51
2021-02;10-16 gennaio 2022;Sardegna;8;12;9.677;1,24;;2;2,34;1;0,6;7;1,4;2;0,93
2021-03;17-23 gennaio 2022;Piemonte;40;477;58.798;8,11;<3,16;35;9,13;52;6,37;322;10,05;68;4,61
2021-03;17-23 gennaio 2022;Val D'Aosta;nd;nd;nd;nd;<3,16;nd;nd;nd;nd;nd;nd;nd;nd
2021-03;17-23 gennaio 2022;Lombardia;201;1.897;266.809;7,11;<3,16;173;9,95;242;6,02;1.270;8,57;212;3,47
2021-03;17-23 gennaio 2022;P.A. di Bolzano;5;22;7.659;2,87;<3,16;5;14,84;4;4,68;12;2,52;1;0,58
2021-03;17-23 gennaio 2022;P. A. di Trento;3;10;4.234;2,36;<3,16;4;12,08;2;2,31;4;1,9;-;-
2021-03;17-23 gennaio 2022;Veneto;43;91;62.112;1,47;<3,16;15;5,45;13;1,94;57;1,56;6;0,37
2021-03;17-23 gennaio 2022;Friuli V.G.;6;24;8.441;2,84;<3,16;6;7,35;11;4,01;4;1,16;3;2,09
2021-03;17-23 gennaio 2022;Liguria;19;180;24.131;7,46;<3,16;23;20,44;35;11,41;105;8,01;17;2,49
2021-03;17-23 gennaio 2022;Emilia Romagna;32;217;39.933;5,43;<3,16;32;12,43;31;5,21;136;6,21;18;1,89
2021-03;17-23 gennaio 2022;Toscana;28;162;47.672;3,4;<3,16;26;10,8;26;4,16;88;3,57;22;1,53
2021-03;17-23 gennaio 2022;Umbria;8;49;8.113;6,04;<3,16;18;17,56;21;9,08;8;2,11;2;2,04
2021-03;17-23 gennaio 2022;Marche;15;73;17.475;4,18;<3,16;16;8,7;6;1,22;49;6,42;2;0,65
2021-03;17-23 gennaio 2022;Lazio;190;820;250.416;3,27;<3,16;77;7,91;123;4,84;500;3,21;120;2,02
2021-03;17-23 gennaio 2022;Abruzzo;30;132;35.417;3,73;<3,16;17;6,01;36;5,79;66;3,38;13;1,9
2021-03;17-23 gennaio 2022;Molise;10;13;10.330;1,26;<3,16;-;-;-;-;10;1,49;3;1,06
2021-03;17-23 gennaio 2022;Campania;4;19;5.503;3,45;<3,16;10;40,49;6;6,7;2;0,59;1;1,04
2021-03;17-23 gennaio 2022;Puglia;63;263;79.408;3,31;<3,16;59;14,41;57;6,4;120;2,53;27;1,43
2021-03;17-23 gennaio 2022;Basilicata;11;10;14.147;0,71;<3,16;4;2,24;2;0,82;4;0,56;-;-
2021-03;17-23 gennaio 2022;Calabria;nd;nd;nd;nd;;nd;nd;nd;nd;nd;nd;nd;nd
2021-03;17-23 gennaio 2022;Sicilia;72;382;90.784;4,21;<3,16;21;7,09;41;5,19;244;4,34;76;3,21
2021-03;17-23 gennaio 2022;Sardegna;12;10;14.866;0,67;;2;1,31;3;0,88;4;0,56;1;0,36
2021-04;24-30 gennaio 2022;Piemonte;45;586;64.068;9,15;<3,16;48;14,08;74;10,12;404;10,94;60;3,65
2021-04;24-30 gennaio 2022;Val D'Aosta;nd;nd;nd;nd;<3,16;nd;nd;nd;nd;nd;nd;nd;nd
2021-04;24-30 gennaio 2022;Lombardia;166;1.287;220.480;5,84;<3,16;180;10,31;194;4,97;774;6,59;139;2,98
2021-04;24-30 gennaio 2022;P.A. di Bolzano;6;15;8.842;1,7;<3,16;3;4,45;1;0,61;11;2,29;-;-
2021-04;24-30 gennaio 2022;P. A. di Trento;6;15;8.232;1,82;<3,16;2;6,04;3;3,26;9;1,81;1;0,5
2021-04;24-30 gennaio 2022;Veneto;37;60;51.703;1,16;<3,16;12;3,6;18;2,23;28;1;2;0,16
2021-04;24-30 gennaio 2022;Friuli V.G.;6;37;7.113;5,2;<3,16;7;5,85;12;3,61;17;10,49;1;1,03
2021-04;24-30 gennaio 2022;Liguria;17;54;21.534;2,51;<3,16;4;5,43;1;0,43;42;3,45;7;1,11
2021-04;24-30 gennaio 2022;Emilia Romagna;31;220;38.166;5,76;<3,16;50;28;47;10,83;109;4,87;14;1,45
2021-04;24-30 gennaio 2022;Toscana;24;154;39.993;3,85;<3,16;34;15,41;37;6,81;68;3,33;15;1,26
2021-04;24-30 gennaio 2022;Umbria;9;85;9.362;9,08;<3,16;25;24,39;23;9,99;33;7,35;4;2,59
2021-04;24-30 gennaio 2022;Marche;16;59;18.404;3,21;<3,16;17;7,79;9;1,64;32;4,19;1;0,32
2021-04;24-30 gennaio 2022;Lazio;195;713;256.726;2,78;<3,16;72;7,42;96;3,76;446;2,77;99;1,63
2021-04;24-30 gennaio 2022;Abruzzo;26;86;30.149;2,85;<3,16;21;11,86;16;3,4;40;2,32;9;1,4
2021-04;24-30 gennaio 2022;Molise;11;16;12.164;1,32;<3,16;-;-;2;3,38;9;1,1;5;1,59
2021-04;24-30 gennaio 2022;Campania;8;17;7.645;2,22;<3,16;8;3,94;7;1,75;2;1,62;-;-
2021-04;24-30 gennaio 2022;Puglia;59;322;76.421;4,21;<3,16;28;7,66;56;6,32;197;4,3;41;2,27
2021-04;24-30 gennaio 2022;Basilicata;11;3;14.147;0,21;<3,16;1;0,56;2;0,82;-;-;-;-
2021-04;24-30 gennaio 2022;Calabria;nd;nd;nd;nd;;nd;nd;nd;nd;nd;nd;nd;nd
2021-04;24-30 gennaio 2022;Sicilia;110;433;132.133;3,28;<3,16;49;9,5;87;6,62;235;2,88;62;1,93
2021-04;24-30 gennaio 2022;Sardegna;2;-;1.683;-;;-;-;-;-;-;-;-;-
2021-05;31 gennaio-6 febbraio 2022;Piemonte;36;334;51.390;6,5;<3,16;37;9,87;49;6,36;213;7,7;35;2,85
2021-05;31 gennaio-6 febbraio 2022;Val D'Aosta;nd;nd;nd;nd;<3,16;nd;nd;nd;nd;nd;nd;nd;nd
2021-05;31 gennaio-6 febbraio 2022;Lombardia;170;1.013;228.071;4,44;<3,16;130;7,68;123;3,28;654;5,26;106;2,15
2021-05;31 gennaio-6 febbraio 2022;P.A. di Bolzano;5;7;7.659;0,91;<3,16;4;11,87;-;-;3;0,63;-;-
2021-05;31 gennaio-6 febbraio 2022;P. A. di Trento;7;21;9.858;2,13;<3,16;11;30,05;3;2,91;7;1,21;-;-
2021-05;31 gennaio-6 febbraio 2022;Veneto;30;55;41.181;1,34;<3,16;8;2,1;9;1,06;35;1,76;3;0,33
2021-05;31 gennaio-6 febbraio 2022;Friuli V.G.;5;26;6.114;4,25;<3,16;3;3,68;11;4,06;10;6,18;2;2,06
2021-05;31 gennaio-6 febbraio 2022;Liguria;15;64;18.915;3,38;<3,16;7;8,39;19;8,74;34;3,27;4;0,73
2021-05;31 gennaio-6 febbraio 2022;Emilia Romagna;31;159;38.840;4,09;<3,16;17;8,87;28;6,06;95;4,21;19;1,95
2021-05;31 gennaio-6 febbraio 2022;Toscana;24;98;39.191;2,5;<3,16;28;10,4;26;3,72;37;1,95;7;0,66
2021-05;31 gennaio-6 febbraio 2022;Umbria;7;73;7.014;10,41;<3,16;26;25,37;25;11,23;14;5,38;8;6,88
2021-05;31 gennaio-6 febbraio 2022;Marche;14;46;17.102;2,69;<3,16;14;7,62;6;1,29;24;3,2;2;0,64
2021-05;31 gennaio-6 febbraio 2022;Lazio;182;535;239.746;2,23;<3,16;57;6,02;79;3,21;331;2,23;68;1,19
2021-05;31 gennaio-6 febbraio 2022;Abruzzo;35;142;41.976;3,38;<3,16;29;10,25;37;5,71;68;2,85;8;0,91
2021-05;31 gennaio-6 febbraio 2022;Molise;11;8;12.164;0,66;<3,16;-;-;-;-;6;0,74;2;0,63
2021-05;31 gennaio-6 febbraio 2022;Campania;23;26;28.769;0,9;<3,16;8;2,19;11;1,56;7;0,51;-;-
2021-05;31 gennaio-6 febbraio 2022;Puglia;58;211;73.035;2,89;<3,16;44;12,25;57;6,67;91;2,09;19;1,1
2021-05;31 gennaio-6 febbraio 2022;Basilicata;11;7;14.147;0,49;<3,16;1;0,56;-;-;6;0,84;-;-
2021-05;31 gennaio-6 febbraio 2022;Calabria;nd;nd;nd;nd;;nd;nd;nd;nd;nd;nd;nd;nd
2021-05;31 gennaio-6 febbraio 2022;Sicilia;103;366;123.869;2,95;<3,16;48;9,88;82;6,31;192;2,51;44;1,49
2021-05;31 gennaio-6 febbraio 2022;Sardegna;11;6;13.587;0,44;;1;0,66;-;-;1;0,16;4;1,7
2021-06;7-13 febbraio 2022;Piemonte;41;300;58.129;5,16;<3,16;37;8,9;39;4,67;199;6,29;25;1,79
2021-06;7-13 febbraio 2022;Val D'Aosta;nd;nd;nd;nd;<3,16;nd;nd;nd;nd;nd;nd;nd;nd
2021-06;7-13 febbraio 2022;Lombardia;159;769;213.697;3,6;<3,16;129;7,84;118;3,27;428;3,74;94;2,01
2021-06;7-13 febbraio 2022;P.A. di Bolzano;5;8;7.659;1,04;<3,16;4;11,87;-;-;4;0,84;-;-
2021-06;7-13 febbraio 2022;P. A. di Trento;10;21;14.519;1,45;<3,16;6;16,39;2;1,81;12;1,3;1;0,26
2021-06;7-13 febbraio 2022;Veneto;31;52;43.700;1,19;<3,16;5;1,4;2;0,25;39;1,74;6;0,61
2021-06;7-13 febbraio 2022;Friuli V.G.;5;10;6.166;1,62;<3,16;3;2,74;7;2,04;-;-;-;-
2021-06;7-13 febbraio 2022;Liguria;18;55;23.109;2,38;<3,16;4;8,99;4;2,65;33;2,33;14;2
2021-06;7-13 febbraio 2022;Emilia Romagna;30;135;36.742;3,67;<3,16;18;9,31;16;3,45;90;4,26;11;1,21
2021-06;7-13 febbraio 2022;Toscana;30;110;51.220;2,15;<3,16;25;10,46;15;2,4;58;2,15;12;0,77
2021-06;7-13 febbraio 2022;Umbria;9;63;9.089;6,93;<3,16;24;19,18;20;7,92;17;4,37;2;1,4
2021-06;7-13 febbraio 2022;Marche;12;35;15.392;2,27;<3,16;8;6,53;4;1,12;20;2,67;3;0,97
2021-06;7-13 febbraio 2022;Lazio;192;525;253.698;2,07;<3,16;56;5,81;84;3,29;313;1,97;72;1,2
2021-06;7-13 febbraio 2022;Abruzzo;30;112;35.596;3,15;<3,16;24;9,6;25;4,16;48;2,43;15;2,04
2021-06;7-13 febbraio 2022;Molise;11;7;12.164;0,58;<3,16;-;-;2;3,38;3;0,37;2;0,63
2021-06;7-13 febbraio 2022;Campania;4;3;4.793;0,63;<3,16;1;2,27;1;0,83;1;0,41;-;-
2021-06;7-13 febbraio 2022;Puglia;51;267;64.734;4,12;<3,16;57;13,81;67;7,67;115;3,1;28;1,89
2021-06;7-13 febbraio 2022;Basilicata;11;8;14.147;0,57;<3,16;5;2,8;3;1,23;-;-;-;-
2021-06;7-13 febbraio 2022;Calabria;nd;nd;nd;nd;;nd;nd;nd;nd;nd;nd;nd;nd
2021-06;7-13 febbraio 2022;Sicilia;75;326;91.152;3,58;<3,16;37;12,39;66;7,96;172;3,01;51;2,24
2021-06;7-13 febbraio 2022;Sardegna;11;6;13.703;0,44;;2;1,67;1;0,43;2;0,27;1;0,37
2021-07;14-20 febbraio 2022;Piemonte;51;336;73.734;4,56;<3,16;59;13,13;56;5,78;193;4,71;28;1,5
2021-07;14-20 febbraio 2022;Val D'Aosta;nd;nd;nd;nd;<3,16;nd;nd;nd;nd;nd;nd;nd;nd
2021-07;14-20 febbraio 2022;Lombardia;166;771;224.228;3,44;<3,16;160;11,03;125;3,72;396;3,15;90;1,79
2021-07;14-20 febbraio 2022;P.A. di Bolzano;5;21;7.659;2,74;<3,16;8;23,74;3;3,51;10;2,1;-;-
2021-07;14-20 febbraio 2022;P. A. di Trento;13;22;17.568;1,25;<3,16;4;5,45;4;2,17;14;1,32;-;-
2021-07;14-20 febbraio 2022;Veneto;29;43;39.161;1,1;<3,16;17;4;12;1,18;14;0,82;-;-
2021-07;14-20 febbraio 2022;Friuli V.G.;4;7;5.467;1,28;<3,16;4;8,58;2;1,06;1;0,47;-;-
2021-07;14-20 febbraio 2022;Liguria;18;75;23.163;3,24;<3,16;15;13,33;9;2,99;38;3;13;2,04
2021-07;14-20 febbraio 2022;Emilia Romagna;33;104;40.551;2,56;<3,16;20;9,91;15;2,94;58;2,45;11;1,13
2021-07;14-20 febbraio 2022;Toscana;30;112;51.374;2,18;<3,16;29;10,77;18;2,54;45;1,71;20;1,31
2021-07;14-20 febbraio 2022;Umbria;7;44;6.538;6,73;<3,16;18;17,56;17;7,5;8;3,13;1;1,45
2021-07;14-20 febbraio 2022;Marche;16;36;18.805;1,91;<3,16;3;1,63;7;1,47;21;2,42;5;1,42
2021-07;14-20 febbraio 2022;Lazio;193;473;253.257;1,87;<3,16;59;5,93;62;2,38;289;1,83;63;1,06
2021-07;14-20 febbraio 2022;Abruzzo;32;79;38.192;2,07;<3,16;18;7,12;25;4,15;32;1,49;4;0,49
2021-07;14-20 febbraio 2022;Molise;7;1;6.328;0,16;<3,16;-;-;-;-;-;-;1;0,63
2021-07;14-20 febbraio 2022;Campania;31;51;41.107;1,24;<3,16;10;2,74;11;1,53;23;0,98;7;1,03
2021-07;14-20 febbraio 2022;Puglia;64;282;80.994;3,48;<3,16;67;15,4;58;6,07;121;2,53;36;1,87
2021-07;14-20 febbraio 2022;Basilicata;11;15;14.147;1,06;<3,16;5;2,8;3;1,23;4;0,56;3;1,09
2021-07;14-20 febbraio 2022;Calabria;nd;nd;nd;nd;;nd;nd;nd;nd;nd;nd;nd;nd
2021-07;14-20 febbraio 2022;Sicilia;108;397;132.006;3,01;<3,16;60;11,11;80;6,13;211;2,59;46;1,44
2021-07;14-20 febbraio 2022;Sardegna;12;8;14.866;0,54;;3;1,97;2;0,59;3;0,42;-;-
2021-08;21-27 febbraio 2022;Piemonte;36;255;49.658;5,14;<3,16;48;12,23;41;5,11;140;5,35;26;2,26
2021-08;21-27 febbraio 2022;Val D'Aosta;nd;nd;nd;nd;<3,16;nd;nd;nd;nd;nd;nd;nd;nd
2021-08;21-27 febbraio 2022;Lombardia;170;758;223.614;3,39;<3,16;175;10,89;120;3,22;379;3,11;84;1,73
2021-08;21-27 febbraio 2022;P.A. di Bolzano;5;14;7.659;1,83;<3,16;4;11,87;3;3,51;7;1,47;-;-
2021-08;21-27 febbraio 2022;P. A. di Trento;7;15;10.082;1,49;<3,16;2;6,04;2;2,09;10;1,61;1;0,39
2021-08;21-27 febbraio 2022;Veneto;24;18;33.824;0,53;<3,16;5;2,39;2;0,44;8;0,43;3;0,34
2021-08;21-27 febbraio 2022;Friuli V.G.;6;30;7.908;3,79;<3,16;8;9,8;3;1,1;15;5,07;4;2,84
2021-08;21-27 febbraio 2022;Liguria;19;68;25.030;2,72;<3,16;13;11,56;15;4,92;30;2,18;10;1,41
2021-08;21-27 febbraio 2022;Emilia Romagna;28;110;30.872;3,56;<3,16;35;18,92;30;6,79;37;2,15;8;1,08
2021-08;21-27 febbraio 2022;Toscana;24;112;38.824;2,88;<3,16;33;12,26;22;3,16;49;2,63;8;0,76
2021-08;21-27 febbraio 2022;Umbria;6;37;6.397;5,78;<3,16;18;17,56;18;8,1;1;0,47;-;-
2021-08;21-27 febbraio 2022;Marche;13;26;16.191;1,61;<3,16;4;2,51;2;0,5;17;2,26;3;0,97
2021-08;21-27 febbraio 2022;Lazio;177;472;232.625;2,03;<3,16;64;7;68;2,84;266;1,84;74;1,34
2021-08;21-27 febbraio 2022;Abruzzo;28;101;33.793;2,99;<3,16;21;8,31;33;5,66;34;1,84;13;1,86
2021-08;21-27 febbraio 2022;Molise;11;12;12.164;0,99;<3,16;-;-;-;-;12;1,47;-;-
2021-08;21-27 febbraio 2022;Campania;10;42;12.511;3,36;<3,16;7;6,32;21;8,81;10;1,44;4;1,92
2021-08;21-27 febbraio 2022;Puglia;50;194;63.354;3,06;<3,16;52;15,22;60;7,7;63;1,67;19;1,31
2021-08;21-27 febbraio 2022;Basilicata;12;37;15.639;2,37;<3,16;6;2,65;20;5,85;8;1,11;3;1,09
2021-08;21-27 febbraio 2022;Calabria;nd;nd;nd;nd;;nd;nd;nd;nd;nd;nd;nd;nd
2021-08;21-27 febbraio 2022;Sicilia;102;344;124.572;2,76;<3,16;45;9,94;75;6,03;183;2,37;41;1,36
2021-08;21-27 febbraio 2022;Sardegna;2;6;2.226;2,7;;4;7,38;2;1,19;-;-;-;-
2021-09;28 febbraio-6 marzo 2022;Piemonte;43;303;61.289;4,94;<3,16;65;15,92;60;6,78;148;4,38;30;2,06
2021-09;28 febbraio-6 marzo 2022;Val D'Aosta;nd;nd;nd;nd;<3,16;nd;nd;nd;nd;nd;nd;nd;nd
2021-09;28 febbraio-6 marzo 2022;Lombardia;177;741;239.710;3,09;<3,16;154;11,05;104;3,1;414;3,01;69;1,26
2021-09;28 febbraio-6 marzo 2022;P.A. di Bolzano;5;25;7.659;3,26;<3,16;1;2,97;1;1,17;21;4,42;2;1,17
2021-09;28 febbraio-6 marzo 2022;P. A. di Trento;13;42;18.452;2,28;<3,16;6;8,61;5;2,59;29;2,61;2;0,42
2021-09;28 febbraio-6 marzo 2022;Veneto;33;49;45.184;1,08;<3,16;9;2,41;5;0,6;30;1,29;5;0,51
2021-09;28 febbraio-6 marzo 2022;Friuli V.G.;4;8;5.242;1,53;<3,16;-;-;-;-;7;2,61;1;0,72
2021-09;28 febbraio-6 marzo 2022;Liguria;20;84;25.636;3,28;<3,16;15;13,33;17;5,55;47;3,34;5;0,68
2021-09;28 febbraio-6 marzo 2022;Emilia Romagna;34;148;41.754;3,54;<3,16;49;22,39;17;3,06;68;2,86;14;1,36
2021-09;28 febbraio-6 marzo 2022;Toscana;30;118;50.807;2,32;<3,16;32;13,39;29;4,65;49;1,81;8;0,53
2021-09;28 febbraio-6 marzo 2022;Umbria;6;38;5.925;6,41;<3,16;17;16,59;17;7,5;4;2,16;-;-
2021-09;28 febbraio-6 marzo 2022;Marche;16;64;19.457;3,29;<3,16;12;5,47;11;2,05;41;4,84;-;-
2021-09;28 febbraio-6 marzo 2022;Lazio;192;570;253.691;2,25;<3,16;74;7,63;88;3,45;352;2,22;56;0,93
2021-09;28 febbraio-6 marzo 2022;Abruzzo;34;162;40.135;4,04;<3,16;39;15,43;42;7,03;60;2,61;21;2,42
2021-09;28 febbraio-6 marzo 2022;Molise;10;5;10.330;0,48;<3,16;-;-;-;-;5;0,75;-;-
2021-09;28 febbraio-6 marzo 2022;Campania;7;-;8.250;-;<3,16;-;-;-;-;-;-;-;-
2021-09;28 febbraio-6 marzo 2022;Puglia;56;267;68.708;3,89;<3,16;66;10,92;77;5,96;102;2,84;22;1,59
2021-09;28 febbraio-6 marzo 2022;Basilicata;11;4;14.147;0,28;<3,16;1;0,56;3;1,23;-;-;-;-
2021-09;28 febbraio-6 marzo 2022;Calabria;nd;nd;nd;nd;;nd;nd;nd;nd;nd;nd;nd;nd
2021-09;28 febbraio-6 marzo 2022;Sicilia;94;380;113.111;3,36;<3,16;71;15,91;96;7,99;167;2,42;46;1,66
2021-09;28 febbraio-6 marzo 2022;Sardegna;11;13;14.506;0,9;;7;5,77;5;1,75;1;0,13;-;-
2021-10;7-13 marzo 2022;Piemonte;43;394;61.608;6,4;<3,16;69;21,18;68;9,44;222;6,25;35;2,24
2021-10;7-13 marzo 2022;Val D'Aosta;nd;nd;nd;nd;<3,16;nd;nd;nd;nd;nd;nd;nd;nd
2021-10;7-13 marzo 2022;Lombardia;161;1.099;215.675;5,1;<3,16;200;12,58;187;5,13;611;5,23;101;2,17
2021-10;7-13 marzo 2022;P.A. di Bolzano;5;16;7.659;2,09;<3,16;4;11,87;5;5,85;7;1,47;-;-
2021-10;7-13 marzo 2022;P. A. di Trento;12;36;17.554;2,05;<3,16;1;3,02;1;0,89;31;2,75;3;0,62
2021-10;7-13 marzo 2022;Veneto;19;39;26.407;1,48;<3,16;5;2,65;5;1,06;25;1,81;4;0,67
2021-10;7-13 marzo 2022;Friuli V.G.;4;7;4.966;1,41;<3,16;1;1,18;2;0,81;4;3,73;-;-
2021-10;7-13 marzo 2022;Liguria;17;97;21.628;4,48;<3,16;3;6,74;9;5,94;76;5,9;9;1,33
2021-10;7-13 marzo 2022;Emilia Romagna;28;173;35.593;4,86;<3,16;45;27,08;13;3,58;104;4,9;11;1,21
2021-10;7-13 marzo 2022;Toscana;24;125;41.073;3,04;<3,16;34;16,48;20;3,76;60;2,83;11;0,88
2021-10;7-13 marzo 2022;Umbria;5;51;4.218;12,09;<3,16;19;18,54;24;10,9;8;11,3;-;-
2021-10;7-13 marzo 2022;Marche;15;107;18.381;5,82;<3,16;10;5,46;22;4,72;70;8,26;5;1,46
2021-10;7-13 marzo 2022;Lazio;155;477;202.534;2,36;<3,16;60;7,02;64;2,86;302;2,43;51;1,07
2021-10;7-13 marzo 2022;Abruzzo;30;160;35.198;4,55;<3,16;48;18,99;53;9;53;2,69;6;0,85
2021-10;7-13 marzo 2022;Molise;11;17;12.164;1,4;<3,16;-;-;-;-;14;1,72;3;0,95
2021-10;7-13 marzo 2022;Campania;19;21;25.200;0,83;<3,16;7;3,13;3;0,61;10;0,73;1;0,23
2021-10;7-13 marzo 2022;Puglia;50;238;60.044;3,96;<3,16;62;13,11;61;5,91;94;2,92;21;1,65
2021-10;7-13 marzo 2022;Basilicata;11;13;14.147;0,92;<3,16;4;2,24;5;2,06;3;0,42;1;0,36
2021-10;7-13 marzo 2022;Calabria;nd;nd;nd;nd;;nd;nd;nd;nd;nd;nd;nd;nd
2021-10;7-13 marzo 2022;Sicilia;100;468;121.867;3,84;<3,16;64;14,94;115;9,57;220;2,92;69;2,28
2021-10;7-13 marzo 2022;Sardegna;2;11;2.226;4,94;;8;14,76;3;1,79;-;-;-;-
2021-11;14-20 marzo 2022;Piemonte;46;562;65.793;8,54; <9,37;112;27,42;133;14,9;287;7,88;30;1,83
2021-11;14-20 marzo 2022;Val D'Aosta;nd;nd;nd;nd;<3,16;nd;nd;nd;nd;nd;nd;nd;nd
2021-11;14-20 marzo 2022;Lombardia;195;1.600;259.728;6,16;<3,16;275;15,95;287;7,22;907;6,28;131;2,25
2021-11;14-20 marzo 2022;P.A. di Bolzano;5;36;7.659;4,7;<3,16;8;23,74;3;3,51;22;4,63;3;1,75
2021-11;14-20 marzo 2022;P. A. di Trento;12;40;16.916;2,36;<3,16;2;6,04;4;3,59;30;2,76;4;0,87
2021-11;14-20 marzo 2022;Veneto;26;50;35.063;1,43;<3,16;5;1,74;18;2,62;24;1,38;3;0,38
2021-11;14-20 marzo 2022;Friuli V.G.;6;43;8.822;4,87;<3,16;3;6,44;8;4,11;24;5,29;8;4,28
2021-11;14-20 marzo 2022;Liguria;18;123;22.863;5,38;<3,16;6;13,48;15;9,89;92;6,76;10;1,37
2021-11;14-20 marzo 2022;Emilia Romagna;35;263;38.814;6,78;<3,16;63;21,94;63;9,38;121;5,85;16;1,87
2021-11;14-20 marzo 2022;Toscana;31;205;52.225;3,93;<3,16;54;20,06;43;6,04;88;3,29;20;1,28
2021-11;14-20 marzo 2022;Umbria;5;66;4.888;13,5;<3,16;30;27,27;31;14,37;3;2,63;2;4,1
2021-11;14-20 marzo 2022;Marche;13;146;15.705;9,3;<3,16;28;14,37;33;7,21;76;11,8;9;3,29
2021-11;14-20 marzo 2022;Lazio;191;742;252.723;2,94;<3,16;86;9,18;91;3,64;478;3,02;87;1,45
2021-11;14-20 marzo 2022;Abruzzo;30;194;34.826;5,57;<3,16;47;18,36;66;10,79;69;3,62;12;1,69
2021-11;14-20 marzo 2022;Molise;9;12;9.510;1,26;<3,16;-;-;-;-;12;1,86;-;-
2021-11;14-20 marzo 2022;Campania;8;25;9.723;2,57;<3,16;12;10,35;10;4,05;1;0,21;2;1,6
2021-11;14-20 marzo 2022;Puglia;76;428;98.778;4,33;<3,16;76;14,86;91;7,53;218;3,67;43;1,94
2021-11;14-20 marzo 2022;Basilicata;11;7;14.147;0,49;<3,16;2;1,12;-;-;3;0,42;2;0,72
2021-11;14-20 marzo 2022;Calabria;nd;nd;nd;nd;;nd;nd;nd;nd;nd;nd;nd;nd
2021-11;14-20 marzo 2022;Sicilia;83;484;97.068;4,99;<3,16;71;15,61;103;8,47;253;4,45;57;2,43
2021-11;14-20 marzo 2022;Sardegna;13;34;17.305;1,96;;15;12,33;10;3,39;9;0,93;-;-
2021-12;21-27 marzo 2022;Piemonte;45;536;66.364;8,08;<3,16;77;22,49;140;18,16;273;7,16;46;2,69
2021-12;21-27 marzo 2022;Val D'Aosta;nd;nd;nd;nd;<3,16;nd;nd;nd;nd;nd;nd;nd;nd
2021-12;21-27 marzo 2022;Lombardia;165;1.565;221.049;7,08;<3,16;304;19,42;296;8,35;794;6,51;171;3,57
2021-12;21-27 marzo 2022;P.A. di Bolzano;5;18;7.659;2,35;<3,16;4;11,87;5;5,85;7;1,47;2;1,17
2021-12;21-27 marzo 2022;P. A. di Trento;14;61;19.197;3,18;<3,16;13;11,82;9;3,42;32;2,99;7;1,47
2021-12;21-27 marzo 2022;Veneto;17;43;22.531;1,91;<3,16;12;4,08;8;1,33;22;2,38;1;0,23
2021-12;21-27 marzo 2022;Friuli V.G.;6;48;7.634;6,29;<3,16;14;19,55;14;4,92;17;6,32;3;2,17
2021-12;21-27 marzo 2022;Liguria;20;100;25.897;3,86;<3,16;13;15,59;27;11,89;52;3,45;8;1,04
2021-12;21-27 marzo 2022;Emilia Romagna;31;340;38.565;8,82;<3,16;78;34,17;75;12,98;165;7,58;22;2,52
2021-12;21-27 marzo 2022;Toscana;32;250;52.988;4,72;<3,16;52;19,32;62;8,7;109;4;27;1,7
2021-12;21-27 marzo 2022;Umbria;6;39;5.925;6,58;<3,16;20;19,51;16;7,06;3;1,62;-;-
2021-12;21-27 marzo 2022;Marche;13;161;15.700;10,25;<3,16;43;23,31;47;10,06;62;9,62;9;3,29
2021-12;21-27 marzo 2022;Lazio;192;737;253.058;2,91;<3,16;77;7,74;94;3,61;487;3,09;79;1,33
2021-12;21-27 marzo 2022;Abruzzo;31;201;36.645;5,49;<3,16;47;21,65;48;8,62;87;4,14;19;2,41
2021-12;21-27 marzo 2022;Molise;9;15;10.268;1,46;<3,16;-;-;2;3,84;13;1,87;-;-
2021-12;21-27 marzo 2022;Campania;30;91;37.230;2,44;<3,16;22;4,57;34;3,73;26;1,48;9;1,57
2021-12;21-27 marzo 2022;Puglia;55;323;69.089;4,68;<3,16;68;17,85;76;9,58;149;3,62;30;1,86
2021-12;21-27 marzo 2022;Basilicata;11;9;14.147;0,64;<3,16;2;1,12;2;0,82;3;0,42;2;0,72
2021-12;21-27 marzo 2022;Calabria;nd;nd;nd;nd;;nd;nd;nd;nd;nd;nd;nd;nd
2021-12;21-27 marzo 2022;Sicilia;79;478;93.929;5,09;<3,16;78;20,05;105;10,08;240;4,21;55;2,43
2021-12;21-27 marzo 2022;Sardegna;10;35;12.707;2,75;;15;12,37;9;3,25;11;1,72;-;-
2021-13;28 marzo-3 aprile 2022;Piemonte;39;470;55.568;8,46;<3,16;89;24;119;14,96;229;7,54;33;2,44
2021-13;28 marzo-3 aprile 2022;Val D'Aosta;nd;nd;nd;nd;<3,16;nd;nd;nd;nd;nd;nd;nd;nd
2021-13;28 marzo-3 aprile 2022;Lombardia;167;1.727;229.689;7,52;<3,16;327;20,95;341;9,23;902;7,1;157;3,14
2021-13;28 marzo-3 aprile 2022;P.A. di Bolzano;5;23;7.659;3;<3,16;8;23,74;4;4,68;11;2,31;-;-
2021-13;28 marzo-3 aprile 2022;P. A. di Trento;12;43;16.539;2,6;<3,16;4;12,08;7;6,28;30;2,84;2;0,44
2021-13;28 marzo-3 aprile 2022;Veneto;20;46;27.656;1,66;<3,16;5;2,37;12;2,7;26;1,78;3;0,46
2021-13;28 marzo-3 aprile 2022;Friuli V.G.;5;35;6.134;5,71;<3,16;12;16,76;14;4,95;8;4,94;1;1,03
2021-13;28 marzo-3 aprile 2022;Liguria;19;160;23.711;6,75;<3,16;25;22,22;31;10,22;85;6,69;19;2,77
2021-13;28 marzo-3 aprile 2022;Emilia Romagna;32;318;37.803;8,41;<3,16;78;27,92;61;9,91;155;7,62;24;2,82
2021-13;28 marzo-3 aprile 2022;Toscana;28;252;47.634;5,29;<3,16;69;25,63;70;9,93;92;3,86;21;1,5
2021-13;28 marzo-3 aprile 2022;Umbria;5;56;4.190;13,37;<3,16;28;27,32;20;9,12;5;7,49;3;9,84
2021-13;28 marzo-3 aprile 2022;Marche;20;288;22.981;12,53;<3,16;74;24,84;92;12,44;101;11,11;21;5,97
2021-13;28 marzo-3 aprile 2022;Lazio;191;786;250.995;3,13;<3,16;79;7,95;105;4,03;511;3,28;91;1,54
2021-13;28 marzo-3 aprile 2022;Abruzzo;30;216;35.496;6,09;<3,16;73;24,93;90;13,43;46;2,41;7;1,04
2021-13;28 marzo-3 aprile 2022;Molise;-;-;-;-;<3,16;-;-;-;-;-;-;-;-
2021-13;28 marzo-3 aprile 2022;Campania;4;59;4.537;13;<3,16;23;23,59;36;18,38;-;-;-;-
2021-13;28 marzo-3 aprile 2022;Puglia;66;493;84.319;5,85;<3,16;65;12,81;90;8,68;275;5,56;63;3,24
2021-13;28 marzo-3 aprile 2022;Basilicata;12;37;15.639;2,37;<3,16;10;4,42;13;3,8;13;1,81;1;0,36
2021-13;28 marzo-3 aprile 2022;Calabria;nd;nd;nd;nd;;nd;nd;nd;nd;nd;nd;nd;nd
2021-13;28 marzo-3 aprile 2022;Sicilia;88;570;106.458;5,35;<3,16;103;21,86;144;11,92;256;3,98;67;2,64
2021-13;28 marzo-3 aprile 2022;Sardegna;10;38;12.142;3,13;;18;15,04;13;5,91;7;1,09;-;-
2021-14;4-10 aprile 2022;Piemonte;42;405;59.120;6,85;<3,16;80;19,59;105;11,97;188;5,85;32;2,27
2021-14;4-10 aprile 2022;Val D'Aosta;nd;nd;nd;nd; <9,37;nd;nd;nd;nd;nd;nd;nd;nd
2021-14;4-10 aprile 2022;Lombardia;168;1.366;222.924;6,13;<3,16;244;14,29;266;6,86;712;5,96;144;3,02
2021-14;4-10 aprile 2022;P.A. di Bolzano;5;15;7.659;1,96;<3,16;7;20,77;3;3,51;5;1,05;-;-
2021-14;4-10 aprile 2022;P. A. di Trento;13;100;17.651;5,67;<3,16;24;32,7;36;19,75;37;3,5;3;0,66
2021-14;4-10 aprile 2022;Veneto;22;55;30.528;1,8;<3,16;4;2,12;7;1,47;37;2,25;7;0,94
2021-14;4-10 aprile 2022;Friuli V.G.;6;54;7.928;6,81;<3,16;16;22,35;21;7,37;15;5,07;2;1,42
2021-14;4-10 aprile 2022;Liguria;15;102;19.184;5,32;<3,16;13;29,21;13;8,74;63;5,52;13;2,23
2021-14;4-10 aprile 2022;Emilia Romagna;27;226;34.612;6,53;<3,16;60;34,15;27;7,15;120;5,86;19;2,21
2021-14;4-10 aprile 2022;Toscana;29;229;49.141;4,66;<3,16;56;26,34;46;8,3;104;3,97;23;1,51
2021-14;4-10 aprile 2022;Umbria;4;30;4.352;6,89;<3,16;13;14,87;15;7,92;2;1,97;-;-
2021-14;4-10 aprile 2022;Marche;10;117;12.587;9,3;<3,16;25;19,14;41;11,39;43;7,9;8;3,57
2021-14;4-10 aprile 2022;Lazio;190;631;249.894;2,53;<3,16;80;8,05;66;2,54;407;2,62;78;1,33
2021-14;4-10 aprile 2022;Abruzzo;26;160;30.637;5,22;<3,16;43;22,25;55;11,8;54;3,08;8;1,23
2021-14;4-10 aprile 2022;Molise;10;16;12.045;1,33;<3,16;-;-;-;-;15;1,85;1;0,32
2021-14;4-10 aprile 2022;Campania;9;41;9.974;4,11;<3,16;14;7,28;19;5,13;8;2,29;-;-
2021-14;4-10 aprile 2022;Puglia;59;355;74.464;4,77;<3,16;50;12,88;61;6,75;200;4,47;44;2,61
2021-14;4-10 aprile 2022;Basilicata;11;34;14.147;2,4;<3,16;1;0,56;20;8,22;9;1,26;4;1,45
2021-14;4-10 aprile 2022;Calabria;nd;nd;nd;nd;;nd;nd;nd;nd;nd;nd;nd;nd
2021-14;4-10 aprile 2022;Sicilia;75;476;93.800;5,07;<3,16;94;21,59;117;10,69;212;3,76;53;2,39
2021-14;4-10 aprile 2022;Sardegna;11;35;14.061;2,49;;9;10,11;14;8,03;12;1,43;-;-
2021-15;11-17 aprile 2022;Piemonte;42;370;61.238;6,04;<3,16;28;10,72;47;7,99;249;6,79;46;2,86
2021-15;11-17 aprile 2022;Val D'Aosta;nd;nd;nd;nd;<3,16;nd;nd;nd;nd;nd;nd;nd;nd
2021-15;11-17 aprile 2022;Lombardia;172;1.377;229.124;6,01;<3,16;275;17,63;250;6,84;717;5,68;135;2,66
2021-15;11-17 aprile 2022;P.A. di Bolzano;4;10;6.462;1,55;<3,16;-;-;-;-;9;1,93;1;0,58
2021-15;11-17 aprile 2022;P. A. di Trento;13;44;18.402;2,39;<3,16;4;12,08;3;2,67;36;3,04;1;0,2
2021-15;11-17 aprile 2022;Veneto;21;59;28.154;2,1;<3,16;17;5,57;29;4,14;11;0,87;2;0,36
2021-15;11-17 aprile 2022;Friuli V.G.;5;30;6.134;4,89;<3,16;8;11,17;10;3,53;10;6,18;2;2,06
2021-15;11-17 aprile 2022;Liguria;15;74;19.208;3,85;<3,16;10;11,99;18;8,12;39;3,61;7;1,3
2021-15;11-17 aprile 2022;Emilia Romagna;34;233;43.899;5,31;<3,16;59;26,81;40;7,56;118;4,66;16;1,44
2021-15;11-17 aprile 2022;Toscana;27;153;47.126;3,25;<3,16;53;21,82;37;5,88;44;1,82;19;1,34
2021-15;11-17 aprile 2022;Umbria;4;45;3.716;12,11;<3,16;15;17,16;22;11,74;5;7,54;3;9,84
2021-15;11-17 aprile 2022;Marche;11;77;13.927;5,53;<3,16;22;17,93;20;5,58;29;4,46;6;2,3
2021-15;11-17 aprile 2022;Lazio;193;588;253.264;2,32;<3,16;75;7,54;72;2,76;350;2,22;91;1,53
2021-15;11-17 aprile 2022;Abruzzo;27;155;31.462;4,93;<3,16;43;17,02;45;7,75;55;3,24;12;1,95
2021-15;11-17 aprile 2022;Molise;8;15;8.608;1,74;<3,16;-;-;1;1,84;11;1,93;3;1,42
2021-15;11-17 aprile 2022;Campania;24;78;31.354;2,49;<3,16;9;2,98;8;1,28;40;2,43;21;3,74
2021-15;11-17 aprile 2022;Puglia;54;253;67.874;3,73;<3,16;55;12,61;56;5,69;112;2,88;30;2,03
2021-15;11-17 aprile 2022;Basilicata;11;22;14.147;1,56;<3,16;4;2,24;4;1,64;8;1,12;6;2,17
2021-15;11-17 aprile 2022;Calabria;nd;nd;nd;nd;;nd;nd;nd;nd;nd;nd;nd;nd
2021-15;11-17 aprile 2022;Sicilia;84;448;103.429;4,33;<3,16;87;20,46;121;10,9;184;2,93;56;2,21
2021-15;11-17 aprile 2022;Sardegna;1;4;1.445;2,77;;3;9,2;1;0,89;-;-;-;-
2021-16;18-24 aprile 2022;Piemonte;38;341;54.562;6,25;<3,16;56;17,33;59;8,32;186;6,06;40;2,95
2021-16;18-24 aprile 2022;Val D'Aosta;nd;nd;nd;nd;<3,16;nd;nd;nd;nd;nd;nd;nd;nd
2021-16;18-24 aprile 2022;Lombardia;169;1.314;224.951;5,84;<3,16;174;12,4;166;5,09;804;6,31;170;3,35
2021-16;18-24 aprile 2022;P.A. di Bolzano;4;10;6.462;1,55;<3,16;-;-;-;-;10;2,14;-;-
2021-16;18-24 aprile 2022;P. A. di Trento;8;15;11.765;1,27;<3,16;2;6,04;1;1;12;1,66;-;-
2021-16;18-24 aprile 2022;Veneto;23;15;32.848;0,46;<3,16;2;1,2;2;0,49;11;0,59;-;-
2021-16;18-24 aprile 2022;Friuli V.G.;4;10;4.934;2,03;<3,16;-;-;1;0,53;9;5,56;-;-
2021-16;18-24 aprile 2022;Liguria;13;50;16.410;3,05;<3,16;5;11,24;7;4,73;29;3,01;9;1,86
2021-16;18-24 aprile 2022;Emilia Romagna;25;155;30.719;5,05;<3,16;27;14,76;20;4,77;88;5,04;20;2,77
2021-16;18-24 aprile 2022;Toscana;27;119;44.362;2,68;<3,16;31;12,76;27;4,26;43;1,92;18;1,37
2021-16;18-24 aprile 2022;Umbria;6;28;5.792;4,83;<3,16;7;6,36;14;6,46;5;3,02;2;2,29
2021-16;18-24 aprile 2022;Marche;10;35;12.396;2,82;<3,16;4;3,14;2;0,58;28;5,15;1;0,45
2021-16;18-24 aprile 2022;Lazio;197;601;259.110;2,32;<3,16;73;7,34;90;3,44;367;2,27;71;1,15
2021-16;18-24 aprile 2022;Abruzzo;23;102;26.650;3,83;<3,16;39;16;42;8,09;18;1,3;3;0,58
2021-16;18-24 aprile 2022;Molise;11;5;12.164;0,41;<3,16;-;-;-;-;5;0,61;-;-
2021-16;18-24 aprile 2022;Campania;17;17;19.799;0,86;<3,16;6;2,32;11;2,2;-;-;-;-
2021-16;18-24 aprile 2022;Puglia;48;221;59.751;3,7;<3,16;37;8,38;27;2,94;132;3,97;25;1,93
2021-16;18-24 aprile 2022;Basilicata;11;14;14.147;0,99;<3,16;2;1,12;4;1,64;8;1,12;-;-
2021-16;18-24 aprile 2022;Calabria;nd;nd;nd;nd;;nd;nd;nd;nd;nd;nd;nd;nd
2021-16;18-24 aprile 2022;Sicilia;111;542;133.552;4,06;<3,16;113;19;143;9,45;226;2,8;60;1,9
2021-16;18-24 aprile 2022;Sardegna;10;23;12.806;1,8;;7;5,36;4;1,45;10;1,56;2;0,85
2021-17;25 aprile-1 maggio 2022;Piemonte;34;237;49.609;4,78;<3,16;31;10,03;30;4,78;146;5,26;30;2,4
2021-17;25 aprile-1 maggio 2022;Val D'Aosta;nd;nd;nd;nd;<3,16;nd;nd;nd;nd;nd;nd;nd;nd
2021-17;25 aprile-1 maggio 2022;Lombardia;174;1.048;232.552;4,51;<3,16;177;10,34;160;4,06;588;4,67;123;2,46
2021-17;25 aprile-1 maggio 2022;P.A. di Bolzano;1;6;1.197;5,01;<3,16;5;14,84;1;1,3;-;-;-;-
2021-17;25 aprile-1 maggio 2022;P. A. di Trento;11;25;15.963;1,57;<3,16;3;7,44;2;2,04;18;1,77;2;0,45
2021-17;25 aprile-1 maggio 2022;Veneto;20;46;28.802;1,6;<3,16;13;10,49;19;5,66;12;0,7;2;0,28
2021-17;25 aprile-1 maggio 2022;Friuli V.G.;3;16;3.277;4,88;<3,16;5;10,73;3;1,62;7;12,5;1;2,51
2021-17;25 aprile-1 maggio 2022;Liguria;15;71;19.146;3,71;<3,16;11;13,19;8;3,68;44;4,06;8;1,51
2021-17;25 aprile-1 maggio 2022;Emilia Romagna;22;100;26.917;3,72;<3,16;35;19,38;21;5,36;36;2,38;8;1,31
2021-17;25 aprile-1 maggio 2022;Toscana;30;97;49.859;1,95;<3,16;27;11,12;26;4,06;31;1,18;13;0,89
2021-17;25 aprile-1 maggio 2022;Umbria;3;17;2.777;6,12;<3,16;9;10,3;8;4,3;-;-;-;-
2021-17;25 aprile-1 maggio 2022;Marche;12;28;14.598;1,92;<3,16;8;5,33;7;1,74;10;1,57;3;1,11
2021-17;25 aprile-1 maggio 2022;Lazio;189;401;249.677;1,61;<3,16;39;4,01;53;2,1;261;1,68;48;0,81
2021-17;25 aprile-1 maggio 2022;Abruzzo;27;111;31.795;3,49;<3,16;29;11,78;39;6,54;36;2,11;7;1,12
2021-17;25 aprile-1 maggio 2022;Molise;11;3;12.164;0,25;<3,16;-;-;-;-;1;0,12;2;0,63
2021-17;25 aprile-1 maggio 2022;Campania;8;11;9.022;1,22;<3,16;3;1,83;8;2,86;-;-;-;-
2021-17;25 aprile-1 maggio 2022;Puglia;52;132;63.850;2,07;<3,16;28;7,17;26;2,9;59;1,61;19;1,32
2021-17;25 aprile-1 maggio 2022;Basilicata;10;15;12.887;1,16;<3,16;1;0,56;10;4,24;4;0,63;-;-
2021-17;25 aprile-1 maggio 2022;Calabria;nd;nd;nd;nd;;nd;nd;nd;nd;nd;nd;nd;nd
2021-17;25 aprile-1 maggio 2022;Sicilia;132;420;157.505;2,67;<3,16;90;12,53;113;6,27;177;1,85;40;1,09
2021-17;25 aprile-1 maggio 2022;Sardegna;13;36;16.906;2,13;;15;9,84;10;2,92;11;1,24;-;-